hour,mean_actual,mean_predicted,MAE,RMSE
0,2248.5649014084493,2238.120556421243,27.307635440030257,37.27035039653883
1,2037.4147887323945,2029.4952435108876,20.668538794082735,29.77185380437877
2,1912.6287323943657,1909.8231133769273,19.68314849319684,25.19959131115664
3,1846.1820985915485,1842.3349765477726,21.499950644893794,26.51682390250534
4,1881.8247323943651,1881.5944608403604,24.78241946431999,32.64345413397088
5,2129.9418028169002,2140.134092776393,41.17685252607776,50.801141628431324
6,2618.208718309859,2620.997828604035,42.17867584637572,54.754293135490784
7,3019.679929577464,3067.6696726301448,74.09687674548377,96.92376231405444
8,3004.102028169014,3016.284981936256,54.67199515572823,69.43723039338066
9,3004.5759720279716,2987.027440745005,54.46353907038052,71.83413838371953
10,3022.793930555555,2999.2804571287816,52.24276841314492,72.42158897161966
11,3135.805944444445,3091.9625314607515,58.631852144730274,92.53277164539904
12,3226.5925277777774,3233.233118605503,49.86322506420306,66.9696278000867
13,3265.084791666666,3268.634981830489,46.12964156020632,62.08070273044781
14,3364.674458333333,3347.773854771944,52.29400812688003,71.32866098800066
15,3653.1573194444436,3640.131841339462,73.02601190256168,104.17938814100137
16,4046.1130000000007,4074.4033479033556,84.03443996309132,116.73676129151166
17,4509.23325,4600.928882363178,123.55273144698309,156.50491405960102
18,4686.116722222222,4831.783451040386,165.4854756496545,217.7136684919806
19,4652.374111111111,4622.472683169089,88.79335524657729,114.19252061773486
20,4459.442541666666,4484.5076345860425,89.94276328359416,115.48312355496273
21,3929.596750000001,3988.7545484484936,74.24085877505306,92.90169461974834
22,3260.94386111111,3274.7528315127884,39.47909020233775,55.64325786489243
23,2636.2340833333324,2647.801576891451,32.61743191099228,41.91027711162034
