feature,mean_abs_shap
lag_1,962.4486528813119
hour_cos,70.23259879548158
lag_4,37.299725141795356
lag_2,29.256366033395302
lag_48,23.28874023165896
hour_sin,16.36086812277058
lag_24,14.637515251332394
hour,10.824445652112232
rolling_mean_48,9.605323545649481
rolling_mean_4,8.339174571227092
lag_12,7.756797167343918
month_cos,6.9931051226947885
rolling_std_48,5.530638776859192
rolling_mean_12,3.9142190821703933
lag_336,2.985156409306564
day_of_year,2.1844683012560546
rolling_mean_2,2.0610932154983965
lag_96,1.4567763962007259
week_of_year,1.1337436326186625
day_of_week_sin,0.7773691480334184
day_of_month,0.6334659777919035
day_of_week,0.619365159266503
month,0.6003908605791503
month_sin,0.45313627027746634
day_of_week_cos,0.426340789201553
minute,0.37338377171585213
is_weekend,0.13692589754446904
is_month_start,0.008715970306177418
is_month_end,0.007071386935070634
