feature,feature_value,shap_value,absolute_shap
lag_1,1722.0600000000022,-1822.6189214662757,1822.6189214662757
hour_cos,0.8660254037844387,-69.09113802733724,69.09113802733724
lag_4,1925.4539999999963,43.04328828573843,43.04328828573843
lag_2,1800.0439999999971,36.61034845683803,36.61034845683803
lag_48,1768.4159999999931,-28.206587495132702,28.206587495132702
rolling_mean_4,1824.0889999999995,9.856521535424996,9.856521535424996
rolling_mean_48,2887.1647500000013,-9.577995598849187,9.577995598849187
hour_sin,0.4999999999999999,-7.996331473852392,7.996331473852392
hour,2.0,5.251717355783347,5.251717355783347
lag_12,4141.591999999991,-4.667307110657046,4.667307110657046
lag_336,1775.9180000000038,-3.8399908888051284,3.8399908888051284
rolling_mean_12,2602.176500000001,-3.7959309638552043,3.7959309638552043
month_cos,0.8660254037844384,-3.7804438788016825,3.7804438788016825
day_of_year,330.0,-2.823171541049998,2.823171541049998
week_of_year,48.0,-2.289905304292197,2.289905304292197
lag_24,2668.958000000001,-2.2400692956342456,2.2400692956342456
rolling_mean_2,1761.051999999997,2.1919587772465223,2.1919587772465223
rolling_std_48,870.6484142299264,-1.8456605135916004,1.8456605135916004
lag_96,1835.2979999999968,-0.7317900304172698,0.7317900304172698
day_of_week,1.0,-0.5974110535266932,0.5974110535266932
day_of_month,26.0,-0.5396719758057474,0.5396719758057474
day_of_week_cos,0.6234898018587336,-0.4765817540797662,0.4765817540797662
month,11.0,-0.35416959317282914,0.35416959317282914
day_of_week_sin,0.7818314824680298,-0.26890513867132754,0.26890513867132754
month_sin,-0.5000000000000004,-0.1330793398363345,0.1330793398363345
minute,30.0,-0.059613510484051245,0.059613510484051245
is_weekend,0.0,0.025010380735871023,0.025010380735871023
is_month_start,0.0,-0.0016101166046101345,0.0016101166046101345
is_month_end,0.0,-0.0013711279841490845,0.0013711279841490845
